Index,Observation,Risk,TrackTime,ReduceTime,TotalTime,NrBeliefsBR,NrBeliefsAR,Dimension,TimedOut
0,2213,1,0.10757645999996157,1.6420000292782788e-06,0.10757810199999085,2,2,2,False
1,2669,1,4.491900000402893e-05,1.7047999961050664e-05,6.19669999650796e-05,2,2,2,False
2,2213,1,0.00021632900001122835,8.279999974547536e-07,0.0002171570000086831,11,11,3,False
3,2669,1,0.00016600399999333604,7.729999538241827e-07,0.00016677699994716022,11,11,3,False
4,2213,1,0.006900852000001123,9.760000239111832e-07,0.006901828000025034,92,92,4,False
5,2669,1,0.006567288999974608,1.1459999882390548e-06,0.006568434999962847,92,92,4,False
6,2213,1,1.0057975880000072,2.6939999884234567e-06,1.0058002819999956,1362,1362,5,True
