Index,Observation,Risk,TrackTime,ReduceTime,TotalTime,NrBeliefsBR,NrBeliefsAR,Dimension,TimedOut
0,130,701461/2000000,1.6924000007634277e-05,8.399999984476381e-07,1.7764000006081915e-05,1,1,1,False
1,17,304597/800000,1.1705000005690636e-05,6.939999934729713e-07,1.2398999999163607e-05,1,1,1,False
2,130,7758/15625,3.143300000374438e-05,7.250000066960638e-07,3.2158000010440446e-05,2,2,2,False
3,93,1782263/4000000,2.0229000000426822e-05,7.200000027296483e-07,2.094900000315647e-05,2,2,2,False
4,96,57651479/100000000,0.00047911700001179724,1.044000001115819e-06,0.00048016100001291306,14,14,4,False
5,17,3793863/5600000,0.00027446699999700286,7.910000050515009e-07,0.00027525800000205436,12,12,3,False
6,130,30146589/42500000,0.03343838000000687,2.151999993316167e-06,0.03344053200000019,177,177,4,False
7,17,253914889/340000000,0.02647617299999183,1.810000000546097e-06,0.026477982999992378,177,177,4,False
8,130,0,0,0,0,0,0,0,True
