Index,Observation,Risk,TrackTime,ReduceTime,TotalTime,NrBeliefsBR,NrBeliefsAR,Dimension,TimedOut
0,101,95341/1000000,0.003596114000004036,0.007553121000000829,0.011149235000004865,1,1,1,False
1,136,160703/800000,1.9699999995737016e-05,0.007143644999985099,0.007163344999980836,1,1,1,False
2,76,234671/800000,4.774699999643417e-05,0.008162677000029817,0.00821042400002625,3,3,3,False
3,62,58573/312500,5.515499998409723e-05,0.007487515999969219,0.007542670999953316,3,3,3,False
4,101,3566659/12500000,0.00047617799998533883,0.023235914999986562,0.0237120929999719,23,13,6,False
5,136,22343841/50000000,0.00022832199999811564,0.012130342000034489,0.012358664000032604,13,10,5,False
6,76,8431337/15500000,0.04791069099997003,1.0407068250000293,1.0886175159999993,446,407,7,True
