Index,Observation,Risk,TrackTime,ReduceTime,TotalTime,NrBeliefsBR,NrBeliefsAR,Dimension,TimedOut
0,2722,1,0.0006344009999565969,0.006931494000014027,0.007565894999970624,2,2,4,False
1,1498,1,4.512199996042909e-05,0.007738668999991205,0.007783790999951634,2,2,4,False
2,2766,1,0.03370791499992265,1.026211533000037,1.0599194479999596,143,113,6,True
