Index,Observation,Risk,TrackTime,ReduceTime,TotalTime,NrBeliefsBR,NrBeliefsAR,Dimension,TimedOut
0,2766,1,0.0007593779999979233,0.007491419000075439,0.008250797000073362,2,2,4,False
1,669,1,5.0679000082709535e-05,0.008056278000026396,0.008106957000109105,2,2,4,False
2,1371,1,0.032796037000025535,1.253967585000055,1.2867636220000804,143,126,6,True
