Index,Observation,Risk,TrackTime,ReduceTime,TotalTime,NrBeliefsBR,NrBeliefsAR,Dimension,TimedOut
0,2722,1,0.0007440609999775916,0.006933199000059176,0.0076772600000367675,2,2,4,False
1,1498,1,5.0728000019262254e-05,0.008433614000068701,0.008484342000087963,2,2,4,False
2,2766,1,0.03335978600000544,1.0185262369999464,1.0518860229999518,143,113,6,True
