Index,Observation,Risk,TrackTime,ReduceTime,TotalTime,NrBeliefsBR,NrBeliefsAR,Dimension,TimedOut
0,2722,1,0.00087039699997149,0.008023601999980201,0.008893998999951691,2,2,4,False
1,1498,1,4.9064999984693713e-05,0.007402809999916826,0.00745187499990152,2,2,4,False
2,2722,1,0.037172540000028675,1.0494407549999778,1.0866132950000065,143,75,6,True
