Index,Observation,Risk,TrackTime,ReduceTime,TotalTime,NrBeliefsBR,NrBeliefsAR,Dimension,TimedOut
0,2766,1,0.0005984699999999066,0.006694338999977845,0.007292808999977751,2,2,4,False
1,669,1,4.6314999963215087e-05,0.0068702430000939785,0.006916558000057194,2,2,4,False
2,2766,1,0.037958801000058884,1.027080565999995,1.065039367000054,143,90,6,True
