Index,Observation,Risk,TrackTime,ReduceTime,TotalTime,NrBeliefsBR,NrBeliefsAR,Dimension,TimedOut
0,2766,1,0.0008210859999735476,0.008408731999907104,0.009229817999880652,2,2,4,False
1,176,1,4.926199994770286e-05,0.007419252000090637,0.00746851400003834,2,2,4,False
2,2241,1,0.03415886900006626,1.0675689730001068,1.101727842000173,143,125,6,True
