Index,Observation,Risk,TrackTime,ReduceTime,TotalTime,NrBeliefsBR,NrBeliefsAR,Dimension,TimedOut
0,2722,1,0.0007006160000173622,0.007397732999947948,0.00809834899996531,2,2,4,False
1,1498,1,4.724799998712115e-05,0.007715461999964646,0.007762709999951767,2,2,4,False
2,2766,1,0.03485954799998581,1.0451767619999828,1.0800363099999686,143,113,6,True
