Index,Observation,Risk,TrackTime,ReduceTime,TotalTime,NrBeliefsBR,NrBeliefsAR,Dimension,TimedOut
0,2766,1,9.182000007967872e-05,0.02506913699994584,0.02516095700002552,2,2,4,False
1,669,1,4.619399999228335e-05,0.00861265799994726,0.008658851999939543,2,2,4,False
2,2766,1,0.03654987000004439,1.0489836909999894,1.0855335610000338,143,92,6,True
