Index,Observation,Risk,TrackTime,ReduceTime,TotalTime,NrBeliefsBR,NrBeliefsAR,Dimension,TimedOut
0,2766,1,0.0005545400000528389,0.007721455000023525,0.008275995000076364,2,2,4,False
1,176,1,8.335899997291563e-05,0.007956605999993371,0.008039964999966287,2,2,4,False
2,2241,1,0.035527961999946456,1.0155073169999014,1.0510352789998478,143,125,6,True
