Index,Observation,Risk,TrackTime,ReduceTime,TotalTime,NrBeliefsBR,NrBeliefsAR,Dimension,TimedOut
0,2766,1,0.000999401000058242,0.0072411460000694206,0.008240547000127663,2,2,4,False
1,669,1,4.700600004525768e-05,0.007636391999994885,0.0076833980000401425,2,2,4,False
2,1371,1,0.034758937999981754,1.0480089430000135,1.0827678809999952,143,127,6,True
