Index,Observation,Risk,TrackTime,ReduceTime,TotalTime,NrBeliefsBR,NrBeliefsAR,Dimension,TimedOut
0,2766,1,0.000694468999995479,0.006934282999964125,0.007628751999959604,2,2,4,False
1,176,1,4.8687999992580444e-05,0.007610853000073803,0.007659541000066383,2,2,4,False
2,896,1,0.03542481699992095,1.0307183280000345,1.0661431449999554,143,87,6,True
