Index,Observation,Risk,TrackTime,ReduceTime,TotalTime,NrBeliefsBR,NrBeliefsAR,Dimension,TimedOut
0,2722,1,0.0008301029999984166,0.0070579139999153995,0.007888016999913816,2,2,4,False
1,665,1,4.8698999989937874e-05,0.0071430010000312905,0.007191700000021228,2,2,4,False
2,2939,1,0.03539646799993079,1.0243541859999823,1.059750653999913,143,115,6,True
