Index,Observation,Risk,TrackTime,ReduceTime,TotalTime,NrBeliefsBR,NrBeliefsAR,Dimension,TimedOut
0,2766,1,0.0009489259999782007,0.010227254000028552,0.011176180000006752,2,2,4,False
1,669,1,4.670999999234482e-05,0.007016503000045304,0.007063213000037649,2,2,4,False
2,1371,1,0.034735816999955205,1.3042448530000001,1.3389806699999554,143,126,6,True
