Index,Observation,Risk,TrackTime,ReduceTime,TotalTime,NrBeliefsBR,NrBeliefsAR,Dimension,TimedOut
0,2722,1,0.000705960999994204,0.0069440309999890815,0.0076499919999832855,2,2,4,False
1,2864,1,4.480799998418661e-05,0.00730694300000323,0.0073517509999874164,2,2,4,False
2,1752,1,0.03378990500004875,1.0255863769999678,1.0593762820000165,142,68,6,True
