Index,Observation,Risk,TrackTime,ReduceTime,TotalTime,NrBeliefsBR,NrBeliefsAR,Dimension,TimedOut
0,2722,1,0.0005867150000540278,0.007144281000023511,0.007730996000077539,2,2,4,False
1,1498,1,5.054700000073353e-05,0.008425009000006867,0.0084755560000076,2,2,4,False
2,2722,1,0.03775781399997413,1.021849201000009,1.0596070149999832,143,77,6,True
