Index,Observation,Risk,TrackTime,ReduceTime,TotalTime,NrBeliefsBR,NrBeliefsAR,Dimension,TimedOut
0,2766,1,0.0011776999999710824,0.007522364000010384,0.008700063999981467,2,2,4,False
1,669,1,4.900999999790656e-05,0.007855024000036792,0.007904034000034699,2,2,4,False
2,1371,1,0.03555057100004433,1.278250678000063,1.3138012490001074,143,126,6,True
