Index,Observation,Risk,TrackTime,ReduceTime,TotalTime,NrBeliefsBR,NrBeliefsAR,Dimension,TimedOut
0,2766,1,0.0007864770000196586,0.009795366000048489,0.010581843000068147,2,2,4,False
1,669,1,7.263199995577452e-05,0.008947260000013557,0.009019891999969332,2,2,4,False
2,2766,1,0.03595412800007125,1.0160605930000202,1.0520147210000914,143,91,6,True
