Index,Observation,Risk,TrackTime,ReduceTime,TotalTime,NrBeliefsBR,NrBeliefsAR,Dimension,TimedOut
0,2766,1,0.0010933849999901213,0.0073358570000436885,0.00842924200003381,2,2,4,False
1,669,1,4.931400007990305e-05,0.008828063999999358,0.008877378000079261,2,2,4,False
2,2766,1,0.038531843999976445,1.0359770119999894,1.0745088559999658,143,90,6,True
