Index,Observation,Risk,TrackTime,ReduceTime,TotalTime,NrBeliefsBR,NrBeliefsAR,Dimension,TimedOut
0,2722,1,0.0006338530000675746,0.0067004799999494935,0.007334333000017068,2,2,4,False
1,2864,1,4.382499992061639e-05,0.007316378999917106,0.007360203999837722,2,2,4,False
2,1752,1,0.03502914700004567,1.0256950380000944,1.06072418500014,142,70,6,True
