Index,Observation,Risk,TrackTime,ReduceTime,TotalTime,NrBeliefsBR,NrBeliefsAR,Dimension,TimedOut
0,2766,1,0.000813773000004403,0.007138197000017499,0.007951970000021902,2,2,4,False
1,176,1,4.902200009837543e-05,0.009806595999975798,0.009855618000074173,2,2,4,False
2,2241,1,0.03470772000002853,1.0656172449999985,1.100324965000027,143,125,6,True
