Index,Observation,Risk,TrackTime,ReduceTime,TotalTime,NrBeliefsBR,NrBeliefsAR,Dimension,TimedOut
0,2766,1,0.0009388249999346954,0.00833031199999823,0.009269136999932925,2,2,4,False
1,669,1,4.66669999923397e-05,0.007759895999924993,0.0078065629999173325,2,2,4,False
2,1371,1,0.034640942999999425,1.0455104530000199,1.0801513960000193,143,127,6,True
