Index,Observation,Risk,TrackTime,ReduceTime,TotalTime,NrBeliefsBR,NrBeliefsAR,Dimension,TimedOut
0,2722,1,0.0007981179999205779,0.007316213999956744,0.008114331999877322,2,2,4,False
1,2864,1,5.2310999990368146e-05,0.00857596800005922,0.008628279000049588,2,2,4,False
2,896,1,0.03406761099995492,1.0330628340000203,1.0671304449999752,143,111,6,True
