Index,Observation,Risk,TrackTime,ReduceTime,TotalTime,NrBeliefsBR,NrBeliefsAR,Dimension,TimedOut
0,2722,1,0.0008580279999250706,0.006976024999971742,0.007834052999896812,2,2,4,False
1,665,1,4.758600005061453e-05,0.007329940999966311,0.007377527000016926,2,2,4,False
2,1317,1,0.0366457420000188,1.0242404319999423,1.060886173999961,143,67,6,True
