Index,Observation,Risk,TrackTime,ReduceTime,TotalTime,NrBeliefsBR,NrBeliefsAR,Dimension,TimedOut
0,2722,1,0.001031294999961574,0.007026426000038555,0.008057721000000129,2,2,4,False
1,665,1,4.668999997647916e-05,0.007597457999963808,0.007644147999940287,2,2,4,False
2,2939,1,0.03511590499999784,1.0194615279999653,1.054577432999963,143,113,6,True
