Index,Observation,Risk,TrackTime,ReduceTime,TotalTime,NrBeliefsBR,NrBeliefsAR,Dimension,TimedOut
0,2722,1,0.000792181000065284,0.006911588000093616,0.0077037690001589,2,2,4,False
1,1498,1,5.088000000341708e-05,0.007527374000005693,0.00757825400000911,2,2,4,False
2,2766,1,0.035004952000008416,1.0305702729999666,1.065575224999975,143,113,6,True
