Index,Observation,Risk,TrackTime,ReduceTime,TotalTime,NrBeliefsBR,NrBeliefsAR,Dimension,TimedOut
0,2722,1,0.0006795079999619702,0.006772922000095605,0.007452430000057575,2,2,4,False
1,1498,1,4.615099999227823e-05,0.007310348999908456,0.007356499999900734,2,2,4,False
2,2766,1,0.0349474149999196,1.0245446519999177,1.0594920669998373,143,110,6,True
