Index,Observation,Risk,TrackTime,ReduceTime,TotalTime,NrBeliefsBR,NrBeliefsAR,Dimension,TimedOut
0,2722,1,0.0007080620000579074,0.006765406999988954,0.007473469000046862,2,2,4,False
1,665,1,4.8002999960772286e-05,0.007214469000018653,0.007262471999979425,2,2,4,False
2,2939,1,0.03482554899994739,1.021362704000012,1.0561882529999593,143,111,6,True
