Index,Observation,Risk,TrackTime,ReduceTime,TotalTime,NrBeliefsBR,NrBeliefsAR,Dimension,TimedOut
0,2766,1,0.001069677000032243,0.00866385300003003,0.009733530000062274,2,2,4,False
1,669,1,0.00013417399998161272,0.00791583799991713,0.008050011999898743,2,2,4,False
2,2766,1,0.03726324299998396,1.0205908379999755,1.0578540809999595,143,92,6,True
