Index,Observation,Risk,TrackTime,ReduceTime,TotalTime,NrBeliefsBR,NrBeliefsAR,Dimension,TimedOut
0,2722,1,0.0005108799999788971,0.0065394089999699645,0.007050288999948862,2,2,4,False
1,1498,1,4.2963000055351586e-05,0.00843821000000844,0.00848117300006379,2,2,4,False
2,2722,1,0.03432981100002053,1.028303875000006,1.0626336860000265,143,75,6,True
