Index,Observation,Risk,TrackTime,ReduceTime,TotalTime,NrBeliefsBR,NrBeliefsAR,Dimension,TimedOut
0,2722,1,0.0005455699999856733,0.008303982000029464,0.008849552000015137,2,2,4,False
1,2864,1,6.507600005534186e-05,0.007873967000023185,0.007939043000078527,2,2,4,False
2,1752,1,0.03530957899999976,1.020984795000004,1.0562943740000037,142,71,6,True
