Index,Observation,Risk,TrackTime,ReduceTime,TotalTime,NrBeliefsBR,NrBeliefsAR,Dimension,TimedOut
0,2766,1,0.0006840669999519378,0.006544640000015534,0.007228706999967471,2,2,4,False
1,1794,1,4.4673000047623646e-05,0.008228085000041574,0.008272758000089198,2,2,4,False
2,146,1,0.03473254100003942,1.1982200299999022,1.2329525709999416,143,117,6,True
