Index,Observation,Risk,TrackTime,ReduceTime,TotalTime,NrBeliefsBR,NrBeliefsAR,Dimension,TimedOut
0,2766,1,0.0008946809999770267,0.0072122839999337884,0.008106964999910815,2,2,4,False
1,669,1,4.654700001083256e-05,0.007633381000005102,0.007679928000015934,2,2,4,False
2,2766,1,0.0375250419999702,1.0257269519999,1.0632519939998701,143,92,6,True
