Index,Observation,Risk,TrackTime,ReduceTime,TotalTime,NrBeliefsBR,NrBeliefsAR,Dimension,TimedOut
0,2766,1,0.0006019960000003266,0.0074902100000144856,0.008092206000014812,2,2,4,False
1,669,1,5.2116999995632796e-05,0.007528556000011122,0.007580673000006755,2,2,4,False
2,1371,1,0.03615595100006885,1.0624734980000312,1.0986294490001,143,127,6,True
