Index,Observation,Risk,TrackTime,ReduceTime,TotalTime,NrBeliefsBR,NrBeliefsAR,Dimension,TimedOut
0,2766,1,0.0008766589999140706,0.008434236999960376,0.009310895999874447,2,2,4,False
1,669,1,7.417800009079656e-05,0.007321722000028785,0.007395900000119582,2,2,4,False
2,1371,1,0.03453981500001646,1.292989274999968,1.3275290899999845,143,126,6,True
