Index,Observation,Risk,TrackTime,ReduceTime,TotalTime,NrBeliefsBR,NrBeliefsAR,Dimension,TimedOut
0,2722,1,0.0007771470000079717,0.007409888999973191,0.008187035999981163,2,2,4,False
1,2864,1,4.6657999973831465e-05,0.007374425999955747,0.007421083999929579,2,2,4,False
2,1752,1,0.03506858399998691,1.0220204209999793,1.0570890049999662,142,68,6,True
