Index,Observation,Risk,TrackTime,ReduceTime,TotalTime,NrBeliefsBR,NrBeliefsAR,Dimension,TimedOut
0,2766,1,0.0010437939999974333,0.006414511999992101,0.007458305999989534,2,2,4,False
1,176,1,4.163500000231579e-05,0.007480267999994794,0.00752190299999711,2,2,4,False
2,2241,1,0.036503100999993876,1.1079600379999874,1.1444631389999813,143,125,6,True
