Index,Observation,Risk,TrackTime,ReduceTime,TotalTime,NrBeliefsBR,NrBeliefsAR,Dimension,TimedOut
0,2766,1,0.0005282719999968322,0.00691163300007247,0.007439905000069302,2,2,4,False
1,669,1,4.605099991294992e-05,0.007170116999986931,0.007216167999899881,2,2,4,False
2,1371,1,0.03642151400003968,1.264166547000059,1.3005880610000986,143,126,6,True
