Index,Observation,Risk,TrackTime,ReduceTime,TotalTime,NrBeliefsBR,NrBeliefsAR,Dimension,TimedOut
0,2722,1,0.0005802340000400363,0.006899319000012838,0.007479553000052874,2,2,4,False
1,1498,1,4.608300002928445e-05,0.006847581999977592,0.006893665000006877,2,2,4,False
2,2722,1,0.03515279900000223,1.0188594329999887,1.054012231999991,143,73,6,True
