Index,Observation,Risk,TrackTime,ReduceTime,TotalTime,NrBeliefsBR,NrBeliefsAR,Dimension,TimedOut
0,2766,1,0.0007181830000035916,0.00669325600006232,0.007411439000065911,2,2,4,False
1,669,1,4.507399989961414e-05,0.00787037700001747,0.007915450999917084,2,2,4,False
2,1371,1,0.03495258200007356,1.2714528079999354,1.306405390000009,143,126,6,True
