Index,Observation,Risk,TrackTime,ReduceTime,TotalTime,NrBeliefsBR,NrBeliefsAR,Dimension,TimedOut
0,2119,1,0.0004826749999438107,0.006825923999940642,0.0073085989998844525,2,2,4,False
1,2432,1,6.293699993875634e-05,0.008208402000036585,0.008271338999975342,2,2,4,False
2,2119,1,0.03605351900000642,1.0223685359999308,1.0584220549999372,143,117,6,True
