Index,Observation,Risk,TrackTime,ReduceTime,TotalTime,NrBeliefsBR,NrBeliefsAR,Dimension,TimedOut
0,2471,1,0.0007975749999786785,0.006634454999925765,0.007432029999904444,2,2,4,False
1,829,1,5.846199996994983e-05,0.00729645100000198,0.00735491299997193,2,2,4,False
2,2471,1,0.036076907999927244,1.027942871999926,1.0640197799998532,143,68,6,True
