Index,Observation,Risk,TrackTime,ReduceTime,TotalTime,NrBeliefsBR,NrBeliefsAR,Dimension,TimedOut
0,2471,1,0.0008748989999958212,0.008715455000015027,0.009590354000010848,2,2,4,False
1,829,1,5.3451999974640785e-05,0.007306624999955602,0.007360076999930243,2,2,4,False
2,2119,1,0.03773349799996595,1.0326352350000434,1.0703687330000093,143,100,6,True
