Index,Observation,Risk,TrackTime,ReduceTime,TotalTime,NrBeliefsBR,NrBeliefsAR,Dimension,TimedOut
0,2471,1,0.0006443529999842212,0.007458738000082121,0.008103091000066343,2,2,4,False
1,2360,1,5.093900006158947e-05,0.00802865399998609,0.00807959300004768,2,2,4,False
2,1485,1,0.03385849000005692,1.0215484409999362,1.0554069309999932,143,110,6,True
