Index,Observation,Risk,TrackTime,ReduceTime,TotalTime,NrBeliefsBR,NrBeliefsAR,Dimension,TimedOut
0,2119,1,0.000554578000105721,0.007965600000034101,0.008520178000139822,2,2,4,False
1,2432,1,6.552000002102432e-05,0.008654537000097662,0.008720057000118686,2,2,4,False
2,748,1,0.035954087000050095,1.0449642410000024,1.0809183280000525,143,122,6,True
