Index,Observation,Risk,TrackTime,ReduceTime,TotalTime,NrBeliefsBR,NrBeliefsAR,Dimension,TimedOut
0,2119,1,0.0010515239999904225,0.007069241999943188,0.00812076599993361,2,2,4,False
1,74,1,4.950200002440397e-05,0.007484547999979441,0.007534050000003845,2,2,4,False
2,1436,1,0.03387756999995872,1.041305972000032,1.0751835419999907,143,124,6,True
