Index,Observation,Risk,TrackTime,ReduceTime,TotalTime,NrBeliefsBR,NrBeliefsAR,Dimension,TimedOut
0,2119,1,0.0009052340000152981,0.00702026199996908,0.007925495999984378,2,2,4,False
1,2432,1,4.914700002700556e-05,0.007602109999993445,0.0076512570000204505,2,2,4,False
2,748,1,0.03465869299998303,1.0624277570000231,1.0970864500000062,143,122,6,True
