Index,Observation,Risk,TrackTime,ReduceTime,TotalTime,NrBeliefsBR,NrBeliefsAR,Dimension,TimedOut
0,2119,1,0.0011210279999431805,0.008173410000040349,0.00929443799998353,2,2,4,False
1,2432,1,5.2574000051208714e-05,0.007495570999935808,0.0075481449999870165,2,2,4,False
2,2119,1,0.03777550899997095,1.0395038970000314,1.0772794060000024,143,118,6,True
