Index,Observation,Risk,TrackTime,ReduceTime,TotalTime,NrBeliefsBR,NrBeliefsAR,Dimension,TimedOut
0,2471,1,0.0008246329999792579,0.006657954999923277,0.007482587999902535,2,2,4,False
1,324,1,2.891799999815703e-05,0.00698585500003901,0.007014773000037167,1,1,2,False
2,718,1,0.000725291999970068,0.018235132000086196,0.018960424000056264,15,4,4,False
3,2360,1,0.000104867999993985,0.00837630299997727,0.008481170999971255,4,4,4,False
4,1485,1,0.02672461600002407,1.0602427570000827,1.0869673730001068,112,74,6,True
