Index,Observation,Risk,TrackTime,ReduceTime,TotalTime,NrBeliefsBR,NrBeliefsAR,Dimension,TimedOut
0,2471,1,0.00045101299997440947,0.007212139999978717,0.007663152999953127,2,2,4,False
1,829,1,4.852100005336979e-05,0.009670744999993985,0.009719266000047355,2,2,4,False
2,2471,1,0.0357141719999845,1.0210783770000944,1.056792549000079,143,68,6,True
