Index,Observation,Risk,TrackTime,ReduceTime,TotalTime,NrBeliefsBR,NrBeliefsAR,Dimension,TimedOut
0,2119,1,0.0004632559999890873,0.00691703100005725,0.007380287000046337,2,2,4,False
1,2432,1,4.695399991305749e-05,0.00741098299999976,0.0074579369999128176,2,2,4,False
2,748,1,0.03568340899994382,1.0430484940000042,1.078731902999948,143,121,6,True
