Index,Observation,Risk,TrackTime,ReduceTime,TotalTime,NrBeliefsBR,NrBeliefsAR,Dimension,TimedOut
0,2471,1,0.0006145199999991746,0.00712493900005029,0.0077394590000494645,2,2,4,False
1,2360,1,4.603700006100553e-05,0.00803154799996264,0.008077585000023646,2,2,4,False
2,1124,1,0.03438322700003482,1.0351185780000378,1.0695018050000726,143,62,6,True
