Index,Observation,Risk,TrackTime,ReduceTime,TotalTime,NrBeliefsBR,NrBeliefsAR,Dimension,TimedOut
0,2471,1,0.0005157860000508663,0.006806500000038795,0.007322286000089662,2,2,4,False
1,829,1,4.959099999268801e-05,0.006896318000030988,0.006945909000023676,2,2,4,False
2,2471,1,0.038101188000041475,1.0206196240000054,1.0587208120000469,143,65,6,True
