Index,Observation,Risk,TrackTime,ReduceTime,TotalTime,NrBeliefsBR,NrBeliefsAR,Dimension,TimedOut
0,2119,1,0.000751448999949389,0.006930985000053624,0.007682434000003013,2,2,4,False
1,74,1,5.162900004052062e-05,0.007298750000018117,0.007350379000058638,2,2,4,False
2,1485,1,0.03446973299992351,1.044842162000009,1.0793118949999325,143,88,6,True
