Index,Observation,Risk,TrackTime,ReduceTime,TotalTime,NrBeliefsBR,NrBeliefsAR,Dimension,TimedOut
0,2471,1,0.0005403909999586176,0.007055734999994456,0.007596125999953074,2,2,4,False
1,829,1,0.00012565099996209028,0.007494575999999142,0.007620226999961233,2,2,4,False
2,2119,1,0.036608344000001125,1.0380539740000359,1.074662318000037,143,102,6,True
