Index,Observation,Risk,TrackTime,ReduceTime,TotalTime,NrBeliefsBR,NrBeliefsAR,Dimension,TimedOut
0,2471,1,0.000781162999942353,0.0073314120000986804,0.008112575000041033,2,2,4,False
1,2360,1,5.084300005364639e-05,0.008311603000038303,0.00836244600009195,2,2,4,False
2,1124,1,0.03520088300001589,1.018938389999903,1.0541392729999188,143,60,6,True
