Index,Observation,Risk,TrackTime,ReduceTime,TotalTime,NrBeliefsBR,NrBeliefsAR,Dimension,TimedOut
0,2119,1,0.0006655810000211204,0.006616966000024149,0.00728254700004527,2,2,4,False
1,2432,1,4.711799999768118e-05,0.00714913499996328,0.0071962529999609615,2,2,4,False
2,748,1,0.03511781899999278,1.0425726950001035,1.0776905140000963,143,121,6,True
