Index,Observation,Risk,TrackTime,ReduceTime,TotalTime,NrBeliefsBR,NrBeliefsAR,Dimension,TimedOut
0,2119,1,0.0006322770000224409,0.007300874999941698,0.007933151999964139,2,2,4,False
1,2432,1,4.9156999921251554e-05,0.006918833999975504,0.006967990999896756,2,2,4,False
2,2119,1,0.03429783500007488,1.0257451769999761,1.060043012000051,143,117,6,True
