Index,Observation,Risk,TrackTime,ReduceTime,TotalTime,NrBeliefsBR,NrBeliefsAR,Dimension,TimedOut
0,2471,1,0.0004781799999591385,0.006944923999981256,0.007423103999940395,2,2,4,False
1,829,1,4.9394000029678864e-05,0.007125252000037108,0.007174646000066787,2,2,4,False
2,2471,1,0.03440203400009523,1.0236312890000363,1.0580333230001315,143,68,6,True
