Index,Observation,Risk,TrackTime,ReduceTime,TotalTime,NrBeliefsBR,NrBeliefsAR,Dimension,TimedOut
0,2119,1,0.0007930250000072192,0.007058496000013292,0.007851521000020512,2,2,4,False
1,74,1,4.712999998446321e-05,0.008270630000083656,0.00831776000006812,2,2,4,False
2,1485,1,0.03470576799998071,1.0591779890000907,1.0938837570000715,143,88,6,True
