Index,Observation,Risk,TrackTime,ReduceTime,TotalTime,NrBeliefsBR,NrBeliefsAR,Dimension,TimedOut
0,2119,1,0.0007903680000254099,0.0066177710000374645,0.007408139000062874,2,2,4,False
1,2432,1,4.562499998428393e-05,0.008048645000030774,0.008094270000015058,2,2,4,False
2,2119,1,0.03571950499997456,1.017500238000025,1.0532197429999997,143,117,6,True
