Index,Observation,Risk,TrackTime,ReduceTime,TotalTime,NrBeliefsBR,NrBeliefsAR,Dimension,TimedOut
0,2471,1,0.0005049330000019836,0.006652638999980809,0.0071575719999827925,2,2,4,False
1,829,1,4.6771000029366405e-05,0.007060110999987046,0.007106882000016412,2,2,4,False
2,2119,1,0.03641955399996277,1.0328266179999446,1.0692461719999073,143,99,6,True
