Index,Observation,Risk,TrackTime,ReduceTime,TotalTime,NrBeliefsBR,NrBeliefsAR,Dimension,TimedOut
0,2119,1,0.0007101769999735552,0.007545832999994673,0.008256009999968228,2,2,4,False
1,2432,1,4.8366000100941164e-05,0.007447678000062297,0.007496044000163238,2,2,4,False
2,748,1,0.03494737400001213,1.056399688000056,1.091347062000068,143,122,6,True
