Index,Observation,Risk,TrackTime,ReduceTime,TotalTime,NrBeliefsBR,NrBeliefsAR,Dimension,TimedOut
0,2119,1,0.0007479610000018511,0.007443140000077619,0.00819110100007947,2,2,4,False
1,2432,1,4.875900003753486e-05,0.007697730000018055,0.00774648900005559,2,2,4,False
2,2119,1,0.03643756899998607,1.0519144150000557,1.0883519840000417,143,120,6,True
