Index,Observation,Risk,TrackTime,ReduceTime,TotalTime,NrBeliefsBR,NrBeliefsAR,Dimension,TimedOut
0,2119,1,0.0008160470000575515,0.007497453999917525,0.008313500999975076,2,2,4,False
1,2432,1,4.8172999981943576e-05,0.007671709999954146,0.00771988299993609,2,2,4,False
2,748,1,0.034461336000049414,1.0160322730000644,1.0504936090001138,143,122,6,True
