Index,Observation,Risk,TrackTime,ReduceTime,TotalTime,NrBeliefsBR,NrBeliefsAR,Dimension,TimedOut
0,2119,1,0.0006766129999959958,0.008125767000024098,0.008802380000020094,2,2,4,False
1,2432,1,5.3860999969401746e-05,0.007058239999992111,0.007112100999961513,2,2,4,False
2,748,1,0.03437194000002819,1.0413314449999689,1.075703384999997,143,122,6,True
