Index,Observation,Risk,TrackTime,ReduceTime,TotalTime,NrBeliefsBR,NrBeliefsAR,Dimension,TimedOut
0,2119,1,0.0005533190000051036,0.007317198999999164,0.007870518000004267,2,2,4,False
1,74,1,4.877000003489229e-05,0.007376388000011502,0.007425158000046395,2,2,4,False
2,1485,1,0.03716404399995099,1.0595727429999897,1.0967367869999407,143,88,6,True
