Index,Observation,Risk,TrackTime,ReduceTime,TotalTime,NrBeliefsBR,NrBeliefsAR,Dimension,TimedOut
0,2471,1,0.0006634000000076412,0.007648876999951426,0.008312276999959067,2,2,4,False
1,829,1,5.096899997170112e-05,0.007395092000024306,0.007446060999996007,2,2,4,False
2,2119,1,0.03484653700002127,1.0323761270000205,1.0672226640000417,143,102,6,True
