Index,Observation,Risk,TrackTime,ReduceTime,TotalTime,NrBeliefsBR,NrBeliefsAR,Dimension,TimedOut
0,2119,1,0.0007921269999542346,0.006884962999947675,0.007677089999901909,2,2,4,False
1,2432,1,4.622199992354581e-05,0.007927974999915932,0.007974196999839478,2,2,4,False
2,2119,1,0.03603354099993794,1.052002057999971,1.0880355989999089,143,118,6,True
