Index,Observation,Risk,TrackTime,ReduceTime,TotalTime,NrBeliefsBR,NrBeliefsAR,Dimension,TimedOut
0,2119,1,4.230100000768289e-05,0.02340244200001962,0.0234447430000273,2,2,4,False
1,2432,1,7.357899994531181e-05,0.0094420310000487,0.009515609999994012,2,2,4,False
2,2119,1,0.03697696899996572,1.11967571699995,1.1566526859999158,143,98,6,True
