Index,Observation,Risk,TrackTime,ReduceTime,TotalTime,NrBeliefsBR,NrBeliefsAR,Dimension,TimedOut
0,2471,1,0.0004571750000650354,0.007058232000076714,0.0075154070001417494,2,2,4,False
1,2360,1,4.7160999997686304e-05,0.007479553000052874,0.007526714000050561,2,2,4,False
2,1124,1,0.03378166700008478,1.0253365199999962,1.059118187000081,143,64,6,True
