Index,Observation,Risk,TrackTime,ReduceTime,TotalTime,NrBeliefsBR,NrBeliefsAR,Dimension,TimedOut
0,2119,1,0.0008441490000450358,0.007202303999974902,0.008046453000019937,2,2,4,False
1,2432,1,4.7446999928979494e-05,0.008424360000049091,0.008471806999978071,2,2,4,False
2,748,1,0.03536834499993802,1.0330203260000417,1.0683886709999797,143,122,6,True
