Index,Observation,Risk,TrackTime,ReduceTime,TotalTime,NrBeliefsBR,NrBeliefsAR,Dimension,TimedOut
0,2119,1,0.0006981450000012046,0.007364843000004839,0.008062988000006044,2,2,4,False
1,2432,1,5.039400002715411e-05,0.007396013999937168,0.007446407999964322,2,2,4,False
2,748,1,0.03501490600001489,1.0355076780000445,1.0705225840000594,143,122,6,True
