Index,Observation,Risk,TrackTime,ReduceTime,TotalTime,NrBeliefsBR,NrBeliefsAR,Dimension,TimedOut
0,2471,1,0.0009378590000324039,0.006669524000017191,0.0076073830000495946,2,2,4,False
1,2360,1,4.551600000013423e-05,0.007834669000089889,0.007880185000090023,2,2,4,False
2,1124,1,0.03490356400004657,1.0210191209999948,1.0559226850000414,143,61,6,True
