Index,Observation,Risk,TrackTime,ReduceTime,TotalTime,NrBeliefsBR,NrBeliefsAR,Dimension,TimedOut
0,2119,1,0.00044347400000788184,0.006682971000032012,0.007126445000039894,2,2,4,False
1,2432,1,8.653500003674708e-05,0.008269556000072953,0.0083560910001097,2,2,4,False
2,748,1,0.03488389599999664,1.0330298099999027,1.0679137059998993,143,121,6,True
