Index,Observation,Risk,TrackTime,ReduceTime,TotalTime,NrBeliefsBR,NrBeliefsAR,Dimension,TimedOut
0,2471,1,0.0008246890000691565,0.0067358630000171615,0.007560552000086318,2,2,4,False
1,829,1,4.748000003473862e-05,0.008104955999897356,0.008152435999932095,2,2,4,False
2,2119,1,0.03623483500007296,1.0212593979999838,1.0574942330000567,143,102,6,True
