Index,Observation,Risk,TrackTime,ReduceTime,TotalTime,NrBeliefsBR,NrBeliefsAR,Dimension,TimedOut
0,2119,1,0.0007444699999723525,0.006910687999948095,0.007655157999920448,2,2,4,False
1,2432,1,4.742900000564987e-05,0.0076160419999951046,0.007663471000000754,2,2,4,False
2,2119,1,0.03741431600008127,1.0374993850000465,1.0749137010001277,143,118,6,True
