Index,Observation,Risk,TrackTime,ReduceTime,TotalTime,NrBeliefsBR,NrBeliefsAR,Dimension,TimedOut
0,2444,1,0.006523070000014286,1.7440000306123693e-06,0.006524814000044898,2,2,2,False
1,660,1,2.790299998878254e-05,8.190000357899407e-07,2.872200002457248e-05,2,2,2,False
2,1574,1,0.00026609700000790326,1.1230000040995947e-06,0.00026722000001200286,11,11,3,False
3,2895,1,0.0002643509999984417,1.6959999697974126e-06,0.0002660469999682391,9,9,2,False
4,1472,1,0.004584784000030595,2.2299999500319245e-06,0.004587013999980627,47,47,3,False
5,413,1,0.006121986999971796,2.0040000094923016e-06,0.006123990999981288,45,45,2,False
6,1163,1,0.10964036700005408,2.4619999976494e-06,0.10964282900005173,263,263,3,False
7,2229,1,0.09846799000001738,2.6460000412953377e-06,0.09847063600005868,263,263,3,False
8,1924,0,0,0,0,0,0,0,True
