Index,Observation,Risk,TrackTime,ReduceTime,TotalTime,NrBeliefsBR,NrBeliefsAR,Dimension,TimedOut
0,1405,1,0.005238641000005373,1.1150000318593811e-06,0.005239756000037232,2,2,2,False
1,2895,1,2.2719000014603807e-05,8.260000186055549e-07,2.3545000033209362e-05,2,2,2,False
2,1405,1,0.00020858400000633992,8.239999829129374e-07,0.00020940799998925286,11,11,3,False
3,2895,1,0.0001821359999780725,7.410000080199097e-07,0.00018287699998609241,9,9,2,False
4,1405,1,0.003155590000005759,9.089999934985826e-07,0.0031564989999992576,47,47,3,False
5,880,1,0.0027976330000001326,1.0380000503573683e-06,0.00279867100005049,47,47,3,False
6,1811,1,0.18454139199997144,2.1079999896755908e-06,0.1845434999999611,496,496,4,False
7,413,1,0.17868466400000216,2.067000025363086e-06,0.17868673100002752,225,225,2,False
8,1472,0,0,0,0,0,0,0,True
