Index,Observation,Risk,TrackTime,ReduceTime,TotalTime,NrBeliefsBR,NrBeliefsAR,Dimension,TimedOut
0,1405,1,0.016820822999989105,2.8659999884439458e-06,0.01682368899997755,2,2,2,False
1,2895,1,5.259900001419737e-05,1.64199997243486e-06,5.424099998663223e-05,2,2,2,False
2,1472,1,0.00036698300004900375,1.2460000107239466e-06,0.0003682290000597277,11,11,3,False
3,413,1,0.00023983100004443259,1.1019999988093332e-06,0.00024093300004324192,9,9,2,False
4,1472,1,0.006557285999974738,3.0659999765703105e-06,0.006560351999951308,47,47,3,False
5,413,1,0.005173916999979156,1.8260000160807976e-06,0.0051757429999952365,39,39,2,False
6,1163,1,0.09484148199999254,2.286999972511694e-06,0.09484376899996505,227,227,3,False
7,110,1,0.15831364000001713,3.7299999462447886e-06,0.15831736999996338,225,225,2,False
8,2390,0,0,0,0,0,0,0,True
