Index,Observation,Risk,TrackTime,ReduceTime,TotalTime,NrBeliefsBR,NrBeliefsAR,Dimension,TimedOut
0,2444,1,0.004060779000013781,1.3159999809886358e-06,0.00406209499999477,2,2,2,False
1,660,1,2.3145000000113214e-05,8.2099998621743e-07,2.3965999986330644e-05,2,2,2,False
2,1574,1,0.00023071299997923234,8.009999987734773e-07,0.0002315139999780058,11,11,3,False
3,2895,1,0.00017958499998371735,7.860000152959401e-07,0.0001803709999990133,9,9,2,False
4,1405,1,0.0032651010000108727,1.1799999981576548e-06,0.0032662810000090303,47,47,3,False
5,880,1,0.0027148279999948954,1.1199999789823778e-06,0.002715947999973878,47,47,3,False
6,1811,1,0.17978529699999513,2.3439999949914636e-06,0.17978764099999012,496,496,4,False
7,413,1,0.15559377299999255,2.1210000227256387e-06,0.15559589400001528,225,225,2,False
8,1163,0,0,0,0,0,0,0,True
