Index,Observation,Risk,TrackTime,ReduceTime,TotalTime,NrBeliefsBR,NrBeliefsAR,Dimension,TimedOut
0,2444,1,0.013177127999995264,1.7579999962435977e-06,0.013178885999991508,2,2,2,False
1,2145,1,2.794899995706146e-05,9.049999789567664e-07,2.8853999936018226e-05,2,2,2,False
2,2444,1,0.0002235560000372061,8.970000067165529e-07,0.00022445300004392266,11,11,3,False
3,660,1,0.00017230999998218977,9.290000093642448e-07,0.000173238999991554,11,11,3,False
4,1488,1,0.007203962999994928,1.6529999697922904e-06,0.007205615999964721,92,92,4,False
5,1735,1,0.005345531999978448,1.7799999909584585e-06,0.005347311999969406,46,46,3,False
6,2011,1,0.09910083199997644,2.4510000002919696e-06,0.09910328299997673,314,314,4,False
7,2017,1,0.1718307219999815,3.0749999950785423e-06,0.17183379699997658,314,314,3,False
8,2011,0,0,0,0,0,0,0,True
