Index,Observation,Risk,TrackTime,ReduceTime,TotalTime,NrBeliefsBR,NrBeliefsAR,Dimension,TimedOut
0,2444,1,0.004281974000036826,1.5469999539163837e-06,0.004283520999990742,2,2,2,False
1,2145,1,2.5967999988552037e-05,9.539999723529036e-07,2.692199996090494e-05,2,2,2,False
2,1405,1,0.00023348000001988112,9.039999895321671e-07,0.00023438400000941328,11,11,3,False
3,2895,1,0.00019157399998448454,9.080000040739833e-07,0.00019248199998855853,9,9,2,False
4,1472,1,0.004048408000016934,2.0059999883415003e-06,0.004050414000005276,47,47,3,False
5,413,1,0.004570691000026272,1.6559999949095072e-06,0.004572347000021182,45,45,2,False
6,1472,1,0.10231963200004657,2.4150000399458804e-06,0.10232204700008651,263,263,3,False
7,413,1,0.12166908900002227,2.7350000095793803e-06,0.12167182400003185,219,219,2,False
8,1163,0,0,0,0,0,0,0,True
