Index,Observation,Risk,TrackTime,ReduceTime,TotalTime,NrBeliefsBR,NrBeliefsAR,Dimension,TimedOut
0,2444,1,0.004718966000041291,1.085000008060888e-06,0.004720051000049352,2,2,2,False
1,2145,1,2.4622000012186618e-05,8.790000265435083e-07,2.5501000038730126e-05,2,2,2,False
2,2444,1,0.00021338599998443897,8.490000027450151e-07,0.00021423499998718398,11,11,3,False
3,2145,1,0.00017399600000089777,8.690000186106772e-07,0.00017486500001950844,9,9,2,False
4,1405,1,0.0032983639999883962,1.3949999697615567e-06,0.003299758999958158,47,47,3,False
5,2895,1,0.003982381000014357,1.513000029262912e-06,0.00398389400004362,45,45,2,False
6,1472,1,0.09265689299996893,2.1199999764576205e-06,0.09265901299994539,263,263,3,False
7,413,1,0.14289552299999286,3.2250000003841706e-06,0.14289874799999325,261,261,2,False
8,1472,0,0,0,0,0,0,0,True
