Index,Observation,Risk,TrackTime,ReduceTime,TotalTime,NrBeliefsBR,NrBeliefsAR,Dimension,TimedOut
0,1405,1,0.004603580000008378,1.129000025912319e-06,0.0046047090000342905,2,2,2,False
1,2895,1,4.0640999998231564e-05,8.320000119965698e-07,4.1473000010228134e-05,2,2,2,False
2,1472,1,0.0003095049999899402,8.110000067063083e-07,0.0003103159999966465,11,11,3,False
3,413,1,0.00018295600000328704,8.789999981217989e-07,0.00018383500000140884,9,9,2,False
4,1163,1,0.0031915689999948427,9.260000126687373e-07,0.0031924950000075114,47,47,3,False
5,110,1,0.004364304999995738,1.3050000120529148e-06,0.004365610000007791,45,45,2,False
6,2390,1,0.102679218999981,3.230000004350586e-06,0.10268244899998535,263,263,3,False
7,1158,1,0.10794451600000343,2.498999975841798e-06,0.10794701499997927,263,263,3,False
8,2372,0,0,0,0,0,0,0,True
