Index,Observation,Risk,TrackTime,ReduceTime,TotalTime,NrBeliefsBR,NrBeliefsAR,Dimension,TimedOut
0,1405,1,0.005010231000028398,1.5339999777097546e-06,0.005011765000006108,2,2,2,False
1,2895,1,4.479499995113656e-05,9.729999987939664e-07,4.576799994993053e-05,2,2,2,False
2,1405,1,0.000219944999969357,7.890000119914475e-07,0.00022073399998134846,11,11,3,False
3,2895,1,0.00018095500001891196,8.12999985555507e-07,0.00018176800000446747,9,9,2,False
4,1472,1,0.003478588000007221,1.0680000173124427e-06,0.0034796560000245336,47,47,3,False
5,413,1,0.005128475999981674,2.4699999698896136e-06,0.005130945999951564,45,45,2,False
6,1163,1,0.10807156300000997,2.3929999883876008e-06,0.10807395599999836,263,263,3,False
7,110,1,0.1958372089999898,2.9390000122475612e-06,0.19584014800000205,260,260,2,False
8,1163,0,0,0,0,0,0,0,True
