Index,Observation,Risk,TrackTime,ReduceTime,TotalTime,NrBeliefsBR,NrBeliefsAR,Dimension,TimedOut
0,2444,1,0.002696636999985458,1.2290000199755013e-06,0.0026978660000054333,2,2,2,False
1,660,1,2.443599998969148e-05,8.259999901838455e-07,2.5261999979875327e-05,2,2,2,False
2,1488,1,0.00021266800001740194,8.359999981166766e-07,0.0002135040000155186,11,11,3,False
3,660,1,0.0001611379999815199,8.530000172868313e-07,0.00016199099999880673,11,11,3,False
4,1488,1,0.00666557599998896,1.4470000166966202e-06,0.006667023000005656,92,92,4,False
5,2145,1,0.004627026000008527,1.3750000107393134e-06,0.004628401000019267,39,39,2,False
6,2444,1,0.0626883360000079,2.0680000147876854e-06,0.06269040400002268,223,223,3,False
7,2145,1,0.06660846099998707,2.1080000180973e-06,0.06661056900000517,179,179,2,False
8,1405,1,1.4706578010000158,2.3510000062287872e-06,1.470660152000022,1067,1067,3,True
