Index,Observation,Risk,TrackTime,ReduceTime,TotalTime,NrBeliefsBR,NrBeliefsAR,Dimension,TimedOut
0,1405,1,0.005365514000004623,1.8279999949299963e-06,0.005367341999999553,2,2,2,False
1,880,1,2.561200000172903e-05,1.0129999736818718e-06,2.66249999754109e-05,2,2,2,False
2,1574,1,0.00021131299996568487,9.180000120068144e-07,0.00021223099997769168,11,11,3,False
3,2895,1,0.00017577900001697344,8.260000186055549e-07,0.000176605000035579,9,9,2,False
4,1472,1,0.004429617999960556,1.659000020026724e-06,0.004431276999980582,47,47,3,False
5,413,1,0.004702893999990465,1.970000027995411e-06,0.0047048640000184605,45,45,2,False
6,1163,1,0.10449509500000431,3.632000016295933e-06,0.10449872700002061,263,263,3,False
7,2229,1,0.1015510429999722,2.64400000560272e-06,0.1015536869999778,263,263,3,False
8,1667,0,0,0,0,0,0,0,True
