Index,Observation,Risk,TrackTime,ReduceTime,TotalTime,NrBeliefsBR,NrBeliefsAR,Dimension,TimedOut
0,2444,1,0.004092420999995738,1.4940000028218492e-06,0.00409391499999856,2,2,2,False
1,660,1,2.701299999330331e-05,1.0029999941707501e-06,2.801599998747406e-05,2,2,2,False
2,1574,1,0.0002815100000077564,9.999999974752427e-07,0.00028251000000523163,11,11,3,False
3,880,1,0.00018383799999810435,8.300000047256617e-07,0.00018466800000283,11,11,3,False
4,1811,1,0.00807900700002051,4.096999987268646e-06,0.00808310400000778,92,92,4,False
5,851,1,0.00854002100001594,1.7570000068189984e-06,0.00854177800002276,92,92,3,False
6,1924,1,0.5346501399999966,2.6529999956892425e-06,0.5346527929999922,836,836,4,False
7,2229,1,0.8690672890000144,2.4739999844314298e-06,0.8690697629999988,836,836,3,False
8,1924,0,0,0,0,0,0,0,True
