Index,Observation,Risk,TrackTime,ReduceTime,TotalTime,NrBeliefsBR,NrBeliefsAR,Dimension,TimedOut
0,1405,1,0.013446049999970455,1.8499999896448571e-06,0.0134478999999601,2,2,2,False
1,2895,1,2.7609000028405717e-05,8.879999882083212e-07,2.8497000016614038e-05,2,2,2,False
2,1405,1,0.00023803999999927328,8.900000239009387e-07,0.00023893000002317422,11,11,3,False
3,880,1,0.00018241199995827628,7.849999974496313e-07,0.00018319699995572591,11,11,3,False
4,1574,1,0.009751847000018188,1.8490000002202578e-06,0.009753696000018408,92,92,4,False
5,880,1,0.010139976000004935,3.2570000030318624e-06,0.010143233000007967,92,92,3,False
6,1574,1,0.582889334000015,2.776000030735304e-06,0.5828921100000457,792,792,4,False
7,2895,1,0.18240718599997763,2.342000016142265e-06,0.18240952799999377,185,185,2,False
8,1472,0,0,0,0,0,0,0,True
