Index,Observation,Risk,TrackTime,ReduceTime,TotalTime,NrBeliefsBR,NrBeliefsAR,Dimension,TimedOut
0,2444,1,0.004784386999972412,1.1999999856016075e-06,0.004785586999958014,2,2,2,False
1,2145,1,2.3508999959176435e-05,8.469999670523976e-07,2.4355999926228833e-05,2,2,2,False
2,1405,1,0.0002494469999874127,8.009999987734773e-07,0.0002502479999861862,11,11,3,False
3,2895,1,0.00017088600003489773,1.17300004376375e-06,0.00017205900007866148,9,9,2,False
4,1405,1,0.0035091450000095392,1.1569999855964852e-06,0.0035103019999951357,47,47,3,False
5,2895,1,0.0034769420000202444,1.4099999816608033e-06,0.0034783520000019053,39,39,2,False
6,1405,1,0.0714677109999684,1.7240000147467072e-06,0.07146943499998315,227,227,3,False
7,2895,1,0.08368463000005022,1.6530000266357092e-06,0.08368628300007686,185,185,2,False
8,1405,0,0,0,0,0,0,0,True
