Index,Observation,Risk,TrackTime,ReduceTime,TotalTime,NrBeliefsBR,NrBeliefsAR,Dimension,TimedOut
0,2444,1,0.0049475769999958175,1.5210000015031255e-06,0.004949097999997321,2,2,2,False
1,2145,1,2.789000001257591e-05,9.610000120119366e-07,2.8851000024587847e-05,2,2,2,False
2,1405,1,0.00024122799999304334,1.1870000093949784e-06,0.00024241500000243832,11,11,3,False
3,880,1,0.00016323799999895527,8.419999915076914e-07,0.00016407999999046297,11,11,3,False
4,1574,1,0.007720904999985123,1.6749999929288606e-06,0.007722579999978052,92,92,4,False
5,880,1,0.008359417999997731,1.2030000107188243e-06,0.00836062100000845,92,92,3,False
6,1811,1,0.4910748080000076,2.225999992333527e-06,0.4910770339999999,791,791,4,False
7,413,1,0.18991705199999842,2.4899999857552757e-06,0.18991954199998418,223,223,2,False
8,1163,0,0,0,0,0,0,0,True
