Index,Observation,Risk,TrackTime,ReduceTime,TotalTime,NrBeliefsBR,NrBeliefsAR,Dimension,TimedOut
0,1405,1,5.1788000007491064e-05,1.1980000067524088e-06,5.298600001424347e-05,2,2,2,False
1,2895,1,2.3964000007481445e-05,8.349999802703678e-07,2.4798999987751813e-05,2,2,2,False
2,1405,1,0.0002367830000196136,8.539999782897212e-07,0.00023763699999790333,11,11,3,False
3,2895,1,0.0002620279999803188,9.059999968030752e-07,0.00026293399997712186,9,9,2,False
4,1472,1,0.003614854999995032,1.455999978361433e-06,0.0036163109999733933,47,47,3,False
5,413,1,0.004798763999986022,1.7379999803779356e-06,0.0048005019999664,45,45,2,False
6,1163,1,0.11340512999998964,3.678000012996563e-06,0.11340880800000264,263,263,3,False
7,110,1,0.22025366600001917,3.2469999950990314e-06,0.22025691300001426,260,260,2,False
8,1163,0,0,0,0,0,0,0,True
