Index,Observation,Risk,TrackTime,ReduceTime,TotalTime,NrBeliefsBR,NrBeliefsAR,Dimension,TimedOut
0,2444,1,0.004856799999998884,1.3060000014775142e-06,0.004858106000000362,2,2,2,False
1,2145,1,3.925199999343931e-05,8.350000086920772e-07,4.008700000213139e-05,2,2,2,False
2,2444,1,0.00021387000001027445,8.700000080352766e-07,0.00021474000001830973,11,11,3,False
3,660,1,0.00015912200001366728,7.929999981115543e-07,0.00015991500001177883,11,11,3,False
4,1488,1,0.006561179000016182,2.163000004884452e-06,0.006563342000021066,92,92,4,False
5,2145,1,0.004342672999996466,9.040000179538765e-07,0.00434357700001442,39,39,2,False
6,2444,1,0.061750659000011865,1.991000004863963e-06,0.06175265000001673,223,223,3,False
7,2145,1,0.06438192299998491,1.8119999936061504e-06,0.06438373499997851,181,181,2,False
8,1405,1,1.413030630999998,2.31399999961468e-06,1.4130329449999977,1079,1079,3,True
