Index,Observation,Risk,TrackTime,ReduceTime,TotalTime,NrBeliefsBR,NrBeliefsAR,Dimension,TimedOut
0,2444,1,0.009974085999999716,1.6280000068036315e-06,0.00997571400000652,2,2,2,False
1,2145,1,2.6629000046796136e-05,9.209999802806124e-07,2.755000002707675e-05,2,2,2,False
2,2444,1,0.00021498799998198592,8.300000331473711e-07,0.0002158180000151333,11,11,3,False
3,2145,1,0.00036430800003017794,1.3490000014826364e-06,0.00036565700003166057,9,9,2,False
4,2444,1,0.0036871319999818297,1.5589999975418323e-06,0.0036886909999793716,47,47,3,False
5,2145,1,0.00377675099997532,2.6929999989988573e-06,0.003779443999974319,39,39,2,False
6,1405,1,0.07170976100002235,2.209000001585082e-06,0.07171197000002394,227,227,3,False
7,2895,1,0.1116967610000188,1.9770000108110253e-06,0.11169873800002961,224,224,2,False
8,1472,0,0,0,0,0,0,0,True
