Index,Observation,Risk,TrackTime,ReduceTime,TotalTime,NrBeliefsBR,NrBeliefsAR,Dimension,TimedOut
0,2444,1,0.004492862000006426,1.311999994868529e-06,0.004494174000001294,2,2,2,False
1,2145,1,2.4762000009559415e-05,8.190000357899407e-07,2.5581000045349356e-05,2,2,2,False
2,1405,1,0.00021605799997814756,7.440000331371266e-07,0.0002168020000112847,11,11,3,False
3,2895,1,0.00017067999999653694,7.660000278519874e-07,0.00017144600002438892,9,9,2,False
4,1405,1,0.002959587000020747,9.089999934985826e-07,0.0029604960000142455,47,47,3,False
5,2895,1,0.004463154000006853,1.3590000094154675e-06,0.004464513000016268,39,39,2,False
6,1472,1,0.0714769970000475,1.5929999790387228e-06,0.07147859000002654,227,227,3,False
7,413,1,0.11577906900004109,1.93700003592312e-06,0.11578100600007701,224,224,2,False
8,1472,0,0,0,0,0,0,0,True
