Index,Observation,Risk,TrackTime,ReduceTime,TotalTime,NrBeliefsBR,NrBeliefsAR,Dimension,TimedOut
0,1405,1,0.011397595000005367,1.596999993580539e-06,0.011399191999998948,2,2,2,False
1,2895,1,2.607900000839436e-05,8.989999855657516e-07,2.697799999396011e-05,2,2,2,False
2,1405,1,0.0002225779999776023,8.210000146391394e-07,0.00022339899999224144,11,11,3,False
3,2895,1,0.00018651099998123755,7.8699997629883e-07,0.00018729799995753638,9,9,2,False
4,1472,1,0.0037237039999808985,1.3750000107393134e-06,0.003725078999991638,47,47,3,False
5,851,1,0.003303382000012789,1.2710000305560243e-06,0.003304653000043345,47,47,3,False
6,1811,1,0.20281718900002943,2.293000022746128e-06,0.20281948200005218,536,536,4,False
7,413,1,0.17912863700001935,2.5300000174866e-06,0.17913116700003684,219,219,2,False
8,1472,0,0,0,0,0,0,0,True
