Index,Observation,Risk,TrackTime,ReduceTime,TotalTime,NrBeliefsBR,NrBeliefsAR,Dimension,TimedOut
0,2444,1,0.00483108399998855,1.5699999948992627e-06,0.0048326539999834495,2,2,2,False
1,660,1,4.0333999947961274e-05,7.980000304996793e-07,4.1131999978460954e-05,2,2,2,False
2,1574,1,0.0002725200000099903,7.660000278519874e-07,0.0002732860000378423,11,11,3,False
3,2895,1,0.00017777800002249933,7.84000008025032e-07,0.00017856200003052436,9,9,2,False
4,1472,1,0.003193135000003622,1.1509999922054703e-06,0.0031942859999958273,47,47,3,False
5,413,1,0.005521648000012647,1.5870000424911268e-06,0.005523235000055138,45,45,2,False
6,1163,1,0.09550601400002279,2.3209999540085846e-06,0.0955083349999768,263,263,3,False
7,110,1,0.16217449100003023,2.7190000082555343e-06,0.16217721000003849,261,261,2,False
8,1163,0,0,0,0,0,0,0,True
