Index,Observation,Risk,TrackTime,ReduceTime,TotalTime,NrBeliefsBR,NrBeliefsAR,Dimension,TimedOut
0,2444,1,0.003760262000014336,1.293000025270885e-06,0.003761555000039607,2,2,2,False
1,2145,1,2.4104999965857132e-05,8.030000344660948e-07,2.4908000000323227e-05,2,2,2,False
2,1405,1,0.0002412489999983336,9.8099997103418e-07,0.00024222999996936778,11,11,3,False
3,2895,1,0.00018552300002738775,9.270000305150461e-07,0.0001864500000579028,9,9,2,False
4,1405,1,0.0034339579999596026,1.1330000120324257e-06,0.003435090999971635,47,47,3,False
5,880,1,0.00336946900000612,1.9780000002356246e-06,0.0033714470000063557,47,47,3,False
6,1574,1,0.19899972799998977,3.3730000268406e-06,0.1990031010000166,496,496,4,False
7,2895,1,0.1366472100000351,2.4309999844263075e-06,0.13664964100001953,185,185,2,False
8,1405,0,0,0,0,0,0,0,True
