Index,Observation,Risk,TrackTime,ReduceTime,TotalTime,NrBeliefsBR,NrBeliefsAR,Dimension,TimedOut
0,1405,1,0.005691860000013094,1.4149999856272188e-06,0.005693274999998721,2,2,2,False
1,2895,1,2.7165000005879847e-05,7.929999696898449e-07,2.7957999975569692e-05,2,2,2,False
2,1405,1,0.00022072000001571723,7.969999842316611e-07,0.0002215169999999489,11,11,3,False
3,2895,1,0.00018775299997741968,7.270000423886813e-07,0.00018848000001980836,9,9,2,False
4,1472,1,0.004112893000012718,1.6710000068087538e-06,0.004114564000019527,47,47,3,False
5,413,1,0.004740336999986994,1.4330000226436823e-06,0.0047417700000096374,45,45,2,False
6,1472,1,0.11120147600001928,4.612999987330113e-06,0.11120608900000661,263,263,3,False
7,413,1,0.14660869499999762,2.6349999870944885e-06,0.14661132999998472,219,219,2,False
8,1163,0,0,0,0,0,0,0,True
