Index,Observation,Risk,TrackTime,ReduceTime,TotalTime,NrBeliefsBR,NrBeliefsAR,Dimension,TimedOut
0,1405,1,0.004500790999998117,1.5480000001844019e-06,0.004502338999998301,2,2,2,False
1,2895,1,2.621500004806876e-05,1.0250000173073204e-06,2.724000006537608e-05,2,2,2,False
2,1472,1,0.00022259299998950155,8.330000014211691e-07,0.00022342599999092272,11,11,3,False
3,413,1,0.0001867779999997765,7.819999723324145e-07,0.00018755999997210893,9,9,2,False
4,1163,1,0.0032517930000039996,9.43000031838892e-07,0.0032527360000358385,47,47,3,False
5,110,1,0.0045054430000277534,1.2400000173329317e-06,0.004506683000045086,45,45,2,False
6,1163,1,0.10055786600003103,2.0100000028833165e-06,0.10055987600003391,263,263,3,False
7,110,1,0.14088188699997772,2.043999984380207e-06,0.1408839309999621,219,219,2,False
8,2390,0,0,0,0,0,0,0,True
