Index,Observation,Risk,TrackTime,ReduceTime,TotalTime,NrBeliefsBR,NrBeliefsAR,Dimension,TimedOut
0,1405,1,0.04131084499999815,2.049000016768332e-06,0.04131289400001492,2,2,2,False
1,2895,1,2.8202000009969197e-05,9.409999961462745e-07,2.914300000611547e-05,2,2,2,False
2,1472,1,0.0002238390000002255,9.409999961462745e-07,0.00022477999999637177,11,11,3,False
3,413,1,0.00019308200000978104,1.0440000153266737e-06,0.00019412600002510771,9,9,2,False
4,1163,1,0.0056236979999937375,2.0309999797518685e-06,0.005625728999973489,47,47,3,False
5,110,1,0.00466395999998781,2.1670000194262684e-06,0.004666127000007236,45,45,2,False
6,2390,1,0.11382496600000991,2.453999996987477e-06,0.1138274200000069,263,263,3,False
7,1665,1,0.19939137599999412,2.6529999956892425e-06,0.19939402899998981,261,261,2,False
8,2390,0,0,0,0,0,0,0,True
