Index,Observation,Risk,TrackTime,ReduceTime,TotalTime,NrBeliefsBR,NrBeliefsAR,Dimension,TimedOut
0,2444,1,0.012318157999970936,2.1559999936471286e-06,0.012320313999964583,2,2,2,False
1,2145,1,2.84490000126425e-05,1.0450000331729825e-06,2.9494000045815483e-05,2,2,2,False
2,2444,1,0.0002500749999967411,1.3869999975213432e-06,0.00025146199999426244,11,11,3,False
3,2145,1,0.00020294999995940088,1.0220000490335224e-06,0.0002039720000084344,9,9,2,False
4,2444,1,0.003694688999985374,1.502999964486662e-06,0.0036961919999498605,47,47,3,False
5,2145,1,0.003273870999976225,1.5269999948941404e-06,0.003275397999971119,39,39,2,False
6,1405,1,0.07021288400000003,2.4959999791462906e-06,0.07021537999997918,227,227,3,False
7,2895,1,0.1100939170000288,2.257999994981219e-06,0.11009617500002378,224,224,2,False
8,1472,0,0,0,0,0,0,0,True
