Index,Observation,Risk,TrackTime,ReduceTime,TotalTime,NrBeliefsBR,NrBeliefsAR,Dimension,TimedOut
0,1405,1,0.004557699000002913,1.214999997500854e-06,0.004558914000000414,2,2,2,False
1,2895,1,2.3133000013331184e-05,8.160000106727239e-07,2.3949000024003908e-05,2,2,2,False
2,1405,1,0.0002110769999887907,8.270000080301543e-07,0.00021190399999682086,11,11,3,False
3,2895,1,0.00018358100001591993,7.909999908406462e-07,0.00018437200000676057,9,9,2,False
4,1405,1,0.003183347000003778,8.949999994456448e-07,0.0031842420000032234,47,47,3,False
5,2895,1,0.0036831029999859766,1.0960000054183183e-06,0.003684198999991395,39,39,2,False
6,1405,1,0.07921589500000437,1.7369999909533362e-06,0.07921763199999532,227,227,3,False
7,2895,1,0.09426738300001603,1.6039999763961532e-06,0.09426898699999242,185,185,2,False
8,1472,0,0,0,0,0,0,0,True
