Index,Observation,Risk,TrackTime,ReduceTime,TotalTime,NrBeliefsBR,NrBeliefsAR,Dimension,TimedOut
0,2444,1,0.004146450000007462,1.7419999949197518e-06,0.004148192000002382,2,2,2,False
1,2145,1,2.8890999999475753e-05,9.829999498833786e-07,2.987399994935913e-05,2,2,2,False
2,1405,1,0.00026036599996359655,1.026999996156519e-06,0.00026139299995975307,11,11,3,False
3,2895,1,0.000269940000009683,1.2190000120426703e-06,0.00027115900002172566,9,9,2,False
4,1405,1,0.0037005119999662384,1.646000043820095e-06,0.0037021580000100585,47,47,3,False
5,880,1,0.003024498999991465,2.0790000121451158e-06,0.00302657800000361,47,47,3,False
6,1574,1,0.1927557859999638,2.2560000161320204e-06,0.19275804199997992,496,496,4,False
7,2895,1,0.13588122499999145,3.1409999792231247e-06,0.13588436599997067,185,185,2,False
8,1472,1,1.6752313410000284,2.3700000042481406e-06,1.6752337110000326,1103,1103,3,True
