Index,Observation,Risk,TrackTime,ReduceTime,TotalTime,NrBeliefsBR,NrBeliefsAR,Dimension,TimedOut
0,2444,1,0.006199485999957233,1.4880000094308343e-06,0.0062009739999666635,2,2,2,False
1,2145,1,2.4283000016112055e-05,8.960000172919536e-07,2.517900003340401e-05,2,2,2,False
2,1405,1,0.00047787300002255506,1.058999998804211e-06,0.00047893200002135927,11,11,3,False
3,2895,1,0.00017918399998961831,8.470000238958164e-07,0.00018003100001351413,9,9,2,False
4,1472,1,0.00354659999999285,1.1970000173278095e-06,0.0035477970000101777,47,47,3,False
5,413,1,0.004838040999970872,1.4729999975315877e-06,0.004839513999968403,45,45,2,False
6,1472,1,0.09683290099997066,1.975999964543007e-06,0.0968348769999352,263,263,3,False
7,851,1,0.0840276950000316,2.2330000319925603e-06,0.08402992800006359,263,263,3,False
8,1924,0,0,0,0,0,0,0,True
