Index,Observation,Risk,TrackTime,ReduceTime,TotalTime,NrBeliefsBR,NrBeliefsAR,Dimension,TimedOut
0,2444,1,0.004445849000006774,1.8240000088098896e-06,0.004447673000015584,2,2,2,False
1,660,1,2.521199999705459e-05,8.349999802703678e-07,2.604699997732496e-05,2,2,2,False
2,1488,1,0.00042796100001396553,9.770000133357826e-07,0.0004289380000273013,11,11,3,False
3,2145,1,0.0001805100000069615,8.110000067063083e-07,0.0001813210000136678,9,9,2,False
4,2444,1,0.0034397649999959867,1.6659999744206289e-06,0.0034414309999704074,46,46,3,False
5,2145,1,0.0029413899999894966,1.2269999842828838e-06,0.0029426169999737795,38,38,2,False
6,1405,1,0.06300344100000643,1.920000016752965e-06,0.06300536100002319,221,221,3,False
7,880,1,0.053284727999994175,1.8499999896448571e-06,0.05328657799998382,221,221,3,False
8,1811,0,0,0,0,0,0,0,True
