Index,Observation,Risk,TrackTime,ReduceTime,TotalTime,NrBeliefsBR,NrBeliefsAR,Dimension,TimedOut
0,2444,1,0.0034424719999890385,9.96000011355136e-07,0.0034434680000003937,2,2,2,False
1,2145,1,2.2618000002694316e-05,7.600000060392631e-07,2.337800000873358e-05,2,2,2,False
2,2444,1,0.00020795400001816233,8.030000060443854e-07,0.00020875700002420672,11,11,3,False
3,2145,1,0.000257591000007551,1.0729999928571488e-06,0.0002586640000004081,9,9,2,False
4,1405,1,0.004156583999986196,1.3320000107341912e-06,0.004157915999996931,47,47,3,False
5,2895,1,0.004761774000002106,1.2259999948582845e-06,0.004762999999996964,45,45,2,False
6,1405,1,0.0933652909999978,2.184999999599313e-06,0.0933674759999974,263,263,3,False
7,2895,1,0.11095672999999806,1.9499999837080395e-06,0.11095867999998177,219,219,2,False
8,1472,0,0,0,0,0,0,0,True
