Index,Observation,Risk,TrackTime,ReduceTime,TotalTime,NrBeliefsBR,NrBeliefsAR,Dimension,TimedOut
0,2444,1,0.004726716999982727,1.4679999935651722e-06,0.004728184999976293,2,2,2,False
1,2145,1,2.305800001067837e-05,8.629999967979529e-07,2.3921000007476323e-05,2,2,2,False
2,1405,1,0.00030597800000009556,9.249999948224286e-07,0.000306902999994918,11,11,3,False
3,2895,1,0.00017926300000681294,8.439999987785995e-07,0.00018010700000559154,9,9,2,False
4,1405,1,0.0033569029999966915,1.4319999763756641e-06,0.003358334999973067,47,47,3,False
5,2895,1,0.00400312700000427,1.4740000153778965e-06,0.0040046010000196475,39,39,2,False
6,1405,1,0.0716672100000153,2.518000002282861e-06,0.07166972800001759,227,227,3,False
7,2895,1,0.08468760799999586,1.64100001143197e-06,0.0846892490000073,185,185,2,False
8,1405,0,0,0,0,0,0,0,True
