Index,Observation,Risk,TrackTime,ReduceTime,TotalTime,NrBeliefsBR,NrBeliefsAR,Dimension,TimedOut
0,130,701461/2000000,0.0010354429999779313,0.006748766000015394,0.007784208999993325,1,1,1,False
1,93,227343/800000,1.6558999988092182e-05,0.007862877000007984,0.007879435999996076,1,1,1,False
2,96,8377003/20000000,4.380199999332035e-05,0.007067687000017031,0.0071114890000103514,3,3,3,False
3,219,42368213/80000000,4.0081999998164974e-05,0.007597563999979684,0.007637645999977849,2,2,2,False
4,264,218306593/336000000,0.000537221000001864,0.013702431000012893,0.014239652000014758,12,4,3,False
5,93,13186631/21000000,7.841300001132367e-05,0.007800901999985399,0.007879314999996723,4,4,3,False
6,96,257183549/356000000,0.009038664000001972,0.4110538360000078,0.42009250000000975,110,19,5,False
7,219,1036208321/1360000000,0.0005555749999928139,0.024313889000012523,0.024869464000005337,18,10,4,False
8,264,4852247713/6480000000,1.266582862000007,11.131325253,12.397908115000007,1067,1058,5,True
