Index,Observation,Risk,TrackTime,ReduceTime,TotalTime,NrBeliefsBR,NrBeliefsAR,Dimension,TimedOut
0,130,701461/2000000,3.8632000013194556e-05,0.006961191999977245,0.00699982399999044,1,1,1,False
1,17,304597/800000,1.7977999988261217e-05,0.007369432999979608,0.007387410999967869,1,1,1,False
2,276,2154393/4000000,2.3576000018010745e-05,0.0070727750000116885,0.007096351000029699,1,1,1,False
3,93,777663/1600000,1.9575999999688065e-05,0.007032492999996975,0.0070520689999966635,1,1,1,False
4,96,24700789/40000000,4.857999999785534e-05,0.007393492999995033,0.007442072999992888,3,3,3,False
5,93,51609809/80000000,4.546899998558729e-05,0.008161462999993319,0.008206931999978906,3,3,3,False
6,96,124403273/168000000,0.0006404570000029253,0.027220838000005187,0.027861295000008113,27,9,5,False
7,219,206023099/268800000,0.00017008199998258533,0.009282816999984789,0.009452898999967374,9,6,4,False
8,264,4846694407/6464000000,0.06975575900000308,1.1273745109999993,1.1971302700000024,302,189,5,True
