Index,Observation,Risk,TrackTime,ReduceTime,TotalTime,NrBeliefsBR,NrBeliefsAR,Dimension,TimedOut
0,130,701461/2000000,3.4827999996878134e-05,0.007178022000005058,0.007212850000001936,1,1,1,False
1,17,304597/800000,2.0785000003797904e-05,0.00721461399999157,0.007235398999995368,1,1,1,False
2,130,7758/15625,4.163500000231579e-05,0.006848608999973749,0.0068902439999760645,2,2,2,False
3,93,1782263/4000000,3.494300000284056e-05,0.007710450999979912,0.007745393999982753,2,2,2,False
4,96,57651479/100000000,0.00043046700000104465,0.013100877999988825,0.01353134499998987,14,7,4,False
5,17,3793863/5600000,0.00011814500001605666,0.008713039000014078,0.008831184000030134,6,4,3,False
6,130,30146589/42500000,0.013893571000011207,0.4674513630000092,0.48134493400002043,103,10,4,False
7,17,253914889/340000000,0.00025336300001299605,0.011689197999999124,0.01194256100001212,10,10,4,False
8,130,147515639/202500000,1.2184637960000089,1.4106218609999814,2.6290856569999903,1067,1051,5,True
