Index,Observation,Risk,TrackTime,ReduceTime,TotalTime,NrBeliefsBR,NrBeliefsAR,Dimension,TimedOut
0,130,701461/2000000,0.004815180000008468,0.007897326000005478,0.012712506000013946,1,1,1,False
1,93,227343/800000,1.7773000024590146e-05,0.0069123039999965386,0.006930077000021129,1,1,1,False
2,96,8377003/20000000,4.898599999592079e-05,0.006984068999997817,0.0070330549999937375,3,3,3,False
3,93,1782669/4000000,4.402100000788778e-05,0.0083520239999757,0.008396044999983587,3,3,3,False
4,96,57778581/100000000,0.0006366730000024745,0.022718763000000308,0.023355436000002783,23,9,5,False
5,93,30261577/50000000,0.0001554380000072797,0.010122353000014073,0.010277791000021352,9,9,5,False
6,96,2754959/3875000,0.09516242699999111,1.028933225000003,1.124095651999994,515,496,7,True
