Index,Observation,Risk,TrackTime,ReduceTime,TotalTime,NrBeliefsBR,NrBeliefsAR,Dimension,TimedOut
0,130,701461/2000000,0.0021805050000125448,0.007556698000001916,0.00973720300001446,1,1,1,False
1,93,227343/800000,1.77240000027723e-05,0.007284298999991279,0.007302022999994051,1,1,1,False
2,96,8377003/20000000,4.691699999170851e-05,0.00708357499999579,0.007130491999987498,3,3,3,False
3,17,10458201/20000000,6.207600000607272e-05,0.007377022999975225,0.007439098999981297,2,2,2,False
4,130,6672779/10500000,0.0004527379999785808,0.012590279999983522,0.013043017999962103,12,4,3,False
5,17,3793863/5600000,6.944899999439258e-05,0.008743991000017104,0.008813440000011497,4,4,3,False
6,130,30146589/42500000,0.013928076999974337,0.49463521699999546,0.5085632939999698,103,10,4,False
7,23,74439747/101000000,0.00024598400000286347,0.011876361000020097,0.01212234500002296,10,10,4,False
8,218,1409666903/2004000000,1.2074044150000134,1.079327147000015,2.2867315620000284,1067,1042,5,True
