Index,Observation,Risk,TrackTime,ReduceTime,TotalTime,NrBeliefsBR,NrBeliefsAR,Dimension,TimedOut
0,130,701461/2000000,4.580500001338805e-05,0.007351978999963649,0.007397783999977037,1,1,1,False
1,23,130879/250000,1.971899996533466e-05,0.008147682000014811,0.008167400999980146,1,1,1,False
2,218,2427659/4000000,4.1333000012855337e-05,0.007167598000023645,0.0072089310000365,2,2,2,False
3,23,3256503/5000000,3.484399996978027e-05,0.008371380000028239,0.00840622399999802,2,2,2,False
4,218,57219863/84000000,0.0005883619999735856,0.01267503100001477,0.013263392999988355,12,4,3,False
5,194,76657481/100000000,7.317099999681886e-05,0.008054375999961394,0.008127546999958213,4,4,3,False
6,361,183214819/250000000,0.014883339999983036,0.41273359899997786,0.4276169389999609,103,10,4,False
7,23,74439747/101000000,0.00024878499999658743,0.012752101000046423,0.01300088600004301,10,10,4,False
8,218,1409666903/2004000000,1.321514719999982,1.0535717960000284,2.3750865160000103,1067,1046,5,True
