Index,Observation,Risk,TrackTime,ReduceTime,TotalTime,NrBeliefsBR,NrBeliefsAR,Dimension,TimedOut
0,130,701461/2000000,5.448399997476372e-05,0.006976391000023341,0.007030874999998105,1,1,1,False
1,17,304597/800000,2.1639000010509335e-05,0.007858444999953917,0.007880083999964427,1,1,1,False
2,130,7758/15625,4.476000003705849e-05,0.007809235000024728,0.007853995000061786,2,2,2,False
3,93,1782263/4000000,3.566200001614561e-05,0.008017178999978114,0.00805284099999426,2,2,2,False
4,96,57651479/100000000,0.00033783500003892186,0.01546544199999289,0.015803277000031812,14,7,4,False
5,17,3793863/5600000,0.00013825899998209934,0.010857079000004433,0.010995337999986532,6,4,3,False
6,130,30146589/42500000,0.015429417000007106,0.4899567900000079,0.505386207000015,103,10,4,False
7,23,74439747/101000000,0.0002635170000075959,0.01281738900001983,0.013080906000027426,10,10,4,False
8,218,1409666903/2004000000,1.2627612150000118,1.054334334000032,2.3170955490000438,1067,1045,5,True
