Index,Observation,Risk,TrackTime,ReduceTime,TotalTime,NrBeliefsBR,NrBeliefsAR,Dimension,TimedOut
0,130,701461/2000000,2.2847000025194575e-05,0.008445714000004045,0.00846856100002924,1,1,1,False
1,93,227343/800000,1.9768000015574216e-05,0.008430752999970537,0.00845052099998611,1,1,1,False
2,96,8377003/20000000,5.239500001152919e-05,0.009229250999965188,0.009281645999976718,3,3,3,False
3,93,1782669/4000000,4.3730000015784753e-05,0.00865355799999179,0.008697288000007575,3,3,3,False
4,96,57778581/100000000,0.0008622779999996055,0.02759357499996895,0.028455852999968556,23,9,5,False
5,93,30261577/50000000,0.00017296999999416585,0.010311809999961952,0.010484779999956118,9,9,5,False
6,96,2754959/3875000,0.10753572000004397,1.0738694309999914,1.1814051510000354,515,498,7,True
