Index,Observation,Risk,TrackTime,ReduceTime,TotalTime,NrBeliefsBR,NrBeliefsAR,Dimension,TimedOut
0,130,701461/2000000,0.004824568999993062,0.007513862999985577,0.012338431999978638,1,1,1,False
1,17,304597/800000,1.883999999563457e-05,0.007127203999999665,0.0071460439999953,1,1,1,False
2,276,2154393/4000000,2.3847000022669818e-05,0.007088225999979159,0.007112073000001828,1,1,1,False
3,93,777663/1600000,1.963799999771254e-05,0.007583417999995845,0.007603055999993558,1,1,1,False
4,96,24700789/40000000,4.139500001087981e-05,0.007406661000004533,0.007448056000015413,3,3,3,False
5,219,225003943/320000000,4.2474999986552575e-05,0.0072669189999885475,0.0073093939999751,3,3,3,False
6,264,985076807/1344000000,0.000652384000005668,0.024192820999985543,0.02484520499999121,25,6,4,False
7,45,250542149/320000000,0.00013394100000141407,0.008303603000001658,0.008437544000003072,6,6,4,False
8,68,6027475361/8000000000,0.07023716999998442,1.0217742830000134,1.0920114529999978,302,196,5,True
