Index,Observation,Risk,TrackTime,ReduceTime,TotalTime,NrBeliefsBR,NrBeliefsAR,Dimension,TimedOut
0,10266,0,0.06306863300000032,2.075999987027899e-06,0.06307070899998735,1,1,1,False
1,6757,0,1.9174999977167317e-05,7.639999921593699e-07,1.9938999969326687e-05,1,1,2,False
2,3722,0,5.9604999989915086e-05,7.110000410648354e-07,6.031600003097992e-05,3,3,3,False
3,9468,0,0.00029658600004722757,7.630000027347705e-07,0.00029734900004996234,9,9,4,False
4,7990,0,0.0037104950000070858,8.659999934934604e-07,0.0037113610000005792,21,21,4,False
5,6850,0,0.020918574999996054,1.1400000516914588e-06,0.020919715000047745,114,114,5,False
6,1751,0,0.5606213109999771,1.813999972455349e-06,0.5606231249999496,506,506,5,False
7,5313,0,0,0,0,0,0,0,True
