Index,Observation,Risk,TrackTime,ReduceTime,TotalTime,NrBeliefsBR,NrBeliefsAR,Dimension,TimedOut
0,10266,0,0.1649978930000202,2.169999959278357e-06,0.1650000629999795,1,1,1,False
1,5465,0,3.9509000032467156e-05,8.960000172919536e-07,4.040500004975911e-05,1,1,2,False
2,4006,0,5.702400000018315e-05,7.070000265230192e-07,5.773100002670617e-05,3,3,3,False
3,3991,0,0.00028019199999107514,7.410000080199097e-07,0.00028093299999909505,9,9,4,False
4,4766,0,0.004803170999991835,1.1729999869203311e-06,0.004804343999978755,40,40,5,False
5,2619,0,0.09785844200001748,1.6770000001997687e-06,0.09786011900001768,175,175,5,False
6,1571,0,0.19716874800002415,1.5649999909328471e-06,0.19717031300001508,103,103,4,False
7,9629,0,0.21146221899999773,1.863000022694905e-06,0.21146408200002043,631,631,5,False
8,5994,0,0,0,0,0,0,0,True
