Index,Observation,Risk,TrackTime,ReduceTime,TotalTime,NrBeliefsBR,NrBeliefsAR,Dimension,TimedOut
0,10266,0,0.0740733979999959,2.0780000227205164e-06,0.07407547600001863,1,1,1,False
1,1594,0,1.9076000000950444e-05,8.009999987734773e-07,1.987699999972392e-05,1,1,2,False
2,5142,0,5.686499997636929e-05,7.009999762885855e-07,5.7565999952657876e-05,3,3,3,False
3,3677,0,0.00028374400000075184,7.379999829026929e-07,0.00028448199998365453,9,9,4,False
4,8936,0,0.0039574009999796544,1.4269999724092486e-06,0.003958827999952064,21,21,4,False
5,2275,0,0.021918529999993552,9.240000053978292e-07,0.02191945399999895,115,115,5,False
6,2377,0,0.45704241100003173,1.8810000028679497e-06,0.4570442920000346,514,514,5,False
7,317,0,0,0,0,0,0,0,True
