Index,Observation,Risk,TrackTime,ReduceTime,TotalTime,NrBeliefsBR,NrBeliefsAR,Dimension,TimedOut
0,10266,0,0.24915347700004986,1.811000004181551e-06,0.24915528800005404,1,1,1,False
1,3983,0,3.818599998339778e-05,8.339999908457685e-07,3.9019999974243547e-05,1,1,2,False
2,6899,0,5.651999998690371e-05,6.959999723221699e-07,5.721599995922588e-05,3,3,3,False
3,942,0,0.00028199199999789926,7.439999762937077e-07,0.00028273599997419296,9,9,4,False
4,8936,0,0.0037483090000023367,9.830000067267974e-07,0.0037492920000090635,21,21,4,False
5,5589,0,0.014265419000025759,1.247000000148546e-06,0.014266666000025907,48,48,4,False
6,7768,0,0.08353316500000574,1.6470000332446944e-06,0.08353481200003898,285,285,5,False
7,8036,0,0,0,0,0,0,0,True
