Index,Observation,Risk,TrackTime,ReduceTime,TotalTime,NrBeliefsBR,NrBeliefsAR,Dimension,TimedOut
0,10266,0,0.2058069589999718,1.6249999816864147e-06,0.2058085839999535,1,1,1,False
1,1350,0,2.048300001433745e-05,9.080000040739833e-07,2.1391000018411432e-05,1,1,2,False
2,383,0,5.797300002541306e-05,7.84000008025032e-07,5.875700003343809e-05,3,3,3,False
3,2044,0,0.0004482670000243161,7.709999749749841e-07,0.00044903799999929106,9,9,4,False
4,5170,0,0.0019905989999529083,1.1159999644405616e-06,0.001991714999917349,21,21,4,False
5,1571,0,0.011657609999986107,8.769999908508908e-07,0.011658486999976958,114,114,5,False
6,8757,0,0.25747375700001385,1.7950000028577051e-06,0.2574755520000167,506,506,5,False
7,9697,0,0,0,0,0,0,0,True
