Index,Observation,Risk,TrackTime,ReduceTime,TotalTime,NrBeliefsBR,NrBeliefsAR,Dimension,TimedOut
0,10266,0,0.043088586999999734,2.1289999949658522e-06,0.0430907159999947,1,1,1,False
1,1594,0,1.8723999971825833e-05,7.389999723272922e-07,1.9462999944153125e-05,1,1,2,False
2,6343,0,5.7120000008126226e-05,6.839999855401402e-07,5.7803999993666366e-05,3,3,3,False
3,832,0,0.00029253800005335506,7.740000000922009e-07,0.00029331200005344726,9,9,4,False
4,3851,0,0.0019407109999747263,8.729999763090746e-07,0.0019415839999510354,21,21,4,False
5,4891,0,0.014879081999993105,1.889000031951582e-06,0.014880971000025056,48,48,4,False
6,749,0,0.04126982899998666,1.5010000424808823e-06,0.04127133000002914,106,106,4,False
7,3917,0,0.31747113299996954,2.1810000134792062e-06,0.317473313999983,653,653,5,False
8,1552,0,0,0,0,0,0,0,True
