Index,Observation,Risk,TrackTime,ReduceTime,TotalTime,NrBeliefsBR,NrBeliefsAR,Dimension,TimedOut
0,10266,0,0.22677582599999369,1.964000034604396e-06,0.2267777900000283,1,1,1,False
1,3722,0,2.023000001827313e-05,9.309999882134434e-07,2.1161000006486574e-05,1,1,2,False
2,6634,0,6.008199994766983e-05,7.900000014160469e-07,6.0871999949085875e-05,3,3,3,False
3,7318,0,0.00029479099998752645,8.139999749801063e-07,0.00029560499996250655,9,9,4,False
4,8454,0,0.005117304999998851,1.2250000054336851e-06,0.005118530000004284,40,40,5,False
5,3448,0,0.06475254899999072,1.8869999962589645e-06,0.06475443599998698,47,47,4,False
6,2641,0,0.03986779799998885,1.13999999484804e-06,0.0398689379999837,103,103,4,False
7,9064,0,0.2865926389999913,2.6519999778429337e-06,0.28659529099996917,629,629,5,False
8,9620,0,0,0,0,0,0,0,True
