Index,Observation,Risk,TrackTime,ReduceTime,TotalTime,NrBeliefsBR,NrBeliefsAR,Dimension,TimedOut
0,10266,0,0.09766701300003433,2.419999987068877e-06,0.0976694330000214,1,1,1,False
1,6899,0,1.9893999990472366e-05,8.600000001024455e-07,2.0753999990574812e-05,1,1,2,False
2,4367,0,5.6961999973736965e-05,7.34999957785476e-07,5.769699993152244e-05,3,3,3,False
3,6899,0,0.00039290000000846703,7.040000014058023e-07,0.00039360400000987283,4,4,3,False
4,2042,0,0.0008635969999772897,8.199999683711212e-07,0.0008644169999456608,13,13,4,False
5,3055,0,0.0036009340000191514,9.230000159732299e-07,0.0036018570000351247,31,31,4,False
6,7842,0,0.024952941000037754,1.5950000147313403e-06,0.024954536000052485,174,174,5,False
7,2085,0,0.6063376969999581,2.2229999672163103e-06,0.6063399199999253,785,785,5,False
8,264,0,0,0,0,0,0,0,True
